{"cameraMode":{"drawMode":0,"name":"Shaded","section":"Shading Mode"},"sceneLighting":true,"audioPlay":false,"sceneViewState":{"m_AlwaysRefresh":false,"showFog":true,"showSkybox":false,"showFlares":true,"showImageEffects":true,"showParticleSystems":true,"showVisualEffectGraphs":true,"m_FxEnabled":true},"in2DMode":false,"pivot":{"x":3.482170343399048,"y":3.2917277812957765,"z":-28.649503707885743},"rotation":{"x":0.0013473147992044688,"y":0.9967625141143799,"z":0.004995349794626236,"w":-0.08390536904335022},"size":21.53527069091797,"orthographic":false}