{"cameraMode":{"drawMode":0,"name":"Shaded","section":"Shading Mode"},"sceneLighting":true,"audioPlay":false,"sceneViewState":{"m_AlwaysRefresh":false,"showFog":true,"showSkybox":false,"showFlares":true,"showImageEffects":true,"showParticleSystems":true,"showVisualEffectGraphs":true,"m_FxEnabled":true},"in2DMode":false,"pivot":{"x":-42.82949447631836,"y":-28.749258041381837,"z":435.77728271484377},"rotation":{"x":0.2634851038455963,"y":0.07539185881614685,"z":-0.019729023799300195,"w":0.9618381857872009},"size":43.512508392333987,"orthographic":false}