{"cameraMode":{"drawMode":0,"name":"Shaded","section":"Shading Mode"},"sceneLighting":true,"audioPlay":false,"sceneViewState":{"m_AlwaysRefresh":false,"showFog":true,"showSkybox":false,"showFlares":true,"showImageEffects":true,"showParticleSystems":true,"showVisualEffectGraphs":true,"m_FxEnabled":true},"in2DMode":false,"pivot":{"x":-18.220584869384767,"y":3.408698081970215,"z":15.207857131958008},"rotation":{"x":0.0774037167429924,"y":-0.07048945128917694,"z":0.006305364891886711,"w":0.9947883486747742},"size":1.2555460929870606,"orthographic":false}