{"cameraMode":{"drawMode":0,"name":"Shaded","section":"Shading Mode"},"sceneLighting":true,"audioPlay":false,"sceneViewState":{"m_AlwaysRefresh":false,"showFog":true,"showSkybox":false,"showFlares":true,"showImageEffects":true,"showParticleSystems":true,"showVisualEffectGraphs":true,"m_FxEnabled":true},"in2DMode":false,"pivot":{"x":23.665721893310548,"y":1.2934191226959229,"z":16.917442321777345},"rotation":{"x":0.16012895107269288,"y":-0.4216533303260803,"z":0.07685956358909607,"w":0.8895282745361328},"size":1.2555460929870606,"orthographic":false}