{"cameraMode":{"drawMode":0,"name":"Shaded","section":"Shading Mode"},"sceneLighting":true,"audioPlay":false,"sceneViewState":{"m_AlwaysRefresh":false,"showFog":true,"showSkybox":false,"showFlares":true,"showImageEffects":true,"showParticleSystems":true,"showVisualEffectGraphs":true,"m_FxEnabled":true},"in2DMode":false,"pivot":{"x":25.660930633544923,"y":1.0592652559280396,"z":22.24932861328125},"rotation":{"x":-0.12414855509996414,"y":-0.3304559886455536,"z":0.04296134412288666,"w":-0.9349413514137268},"size":1.8362188339233399,"orthographic":false}