{"cameraMode":{"drawMode":0,"name":"Shaded","section":"Shading Mode"},"sceneLighting":true,"audioPlay":false,"sceneViewState":{"m_AlwaysRefresh":false,"showFog":true,"showSkybox":false,"showFlares":true,"showImageEffects":true,"showParticleSystems":true,"showVisualEffectGraphs":true,"m_FxEnabled":true},"in2DMode":false,"pivot":{"x":25.987991333007814,"y":0.9971067309379578,"z":22.388839721679689},"rotation":{"x":-0.09196169674396515,"y":0.023806532844901086,"z":-0.0030079486314207317,"w":-0.9957575798034668},"size":1.8362188339233399,"orthographic":false}