{"cameraMode":{"drawMode":0,"name":"Shaded","section":"Shading Mode"},"sceneLighting":true,"audioPlay":false,"sceneViewState":{"m_AlwaysRefresh":false,"showFog":true,"showSkybox":false,"showFlares":true,"showImageEffects":true,"showParticleSystems":true,"showVisualEffectGraphs":true,"m_FxEnabled":true},"in2DMode":false,"pivot":{"x":-0.5280194282531738,"y":4.28383207321167,"z":18.360000610351564},"rotation":{"x":-0.019921857863664628,"y":0.9786602854728699,"z":-0.16577178239822389,"w":-0.12159820646047592},"size":21.53527069091797,"orthographic":false}