{"cameraMode":{"drawMode":0,"name":"Shaded","section":"Shading Mode"},"sceneLighting":true,"audioPlay":false,"sceneViewState":{"m_AlwaysRefresh":false,"showFog":true,"showSkybox":false,"showFlares":true,"showImageEffects":true,"showParticleSystems":true,"showVisualEffectGraphs":true,"m_FxEnabled":true},"in2DMode":false,"pivot":{"x":49.874244689941409,"y":6.984394073486328,"z":49.34850311279297},"rotation":{"x":0.052053458988666537,"y":-0.3280790150165558,"z":-0.019207309931516649,"w":-0.9433023929595947},"size":22.77570152282715,"orthographic":false}