{"cameraMode":{"drawMode":0,"name":"Shaded","section":"Shading Mode"},"sceneLighting":true,"audioPlay":false,"sceneViewState":{"m_AlwaysRefresh":false,"showFog":true,"showSkybox":true,"showFlares":true,"showImageEffects":true,"showParticleSystems":true,"showVisualEffectGraphs":true,"m_FxEnabled":true},"in2DMode":false,"pivot":{"x":455.6519775390625,"y":-10.022615432739258,"z":100.45100402832031},"rotation":{"x":0.07027515769004822,"y":-0.24757739901542664,"z":0.01933967135846615,"w":0.9665443897247315},"size":0.8660253882408142,"orthographic":false}